,Organization Name,Organization Name URL,Headquarters Location,Industries,Last Funding Type,Last Funding Date,Last Funding Amount,Last Funding Amount Currency,Last Funding Amount Currency (in USD),Number of Employees,Total Funding Amount,Total Funding Amount Currency,Total Funding Amount Currency (in USD),Number of Funding Rounds,Acquisition Status,Acquired by,Acquired by URL,Number of Acquisitions,Acquisition Price Currency (in USD),Number of Founders,Unnamed: 20,Acquisition Price,Price Currency,Company Type,Founded Date,Twitter,Facebook,LinkedIn,Funding Status,Acquisition Type,Announced Date,Estimated Revenue Range
4,OPSkins,https://www.crunchbase.com/organization/opskins,"Santa Monica, California, United States","E-Commerce, Gaming, Internet",Initial Coin Offering,2017-11-13,41000000.0,USD,41000000.0,11-50,41000000.0,USD,41000000.0,1.0,,,,,,3.0,,,,For Profit,2015-01-01,https://twitter.com/opskinsgo,https://www.facebook.com/opskins,https://www.linkedin.com/company/opskins-com---marketplace,,,,Less than $1M
223,Tierion,https://www.crunchbase.com/organization/tierion,"Mountain View, California, United States","Bitcoin, Software",Initial Coin Offering,2017-07-31,25000000.0,USD,25000000.0,1-10,26000000.0,USD,26000000.0,2.0,,,,,,2.0,,,,For Profit,2015-01-01,https://twitter.com/tierion,https://www.facebook.com/pages/Tierion/1430447893927429,https://www.linkedin.com/company/tierion,,,,Less than $1M
1019,Brave,https://www.crunchbase.com/organization/brave-software,"San Francisco, California, United States","Advertising, Blockchain, Internet, Software, Web Browsers",Initial Coin Offering,2017-06-01,35000000.0,USD,35000000.0,51-100,42000000.0,USD,42000000.0,4.0,,,,,,2.0,,,,For Profit,2015-01-01,https://www.twitter.com/brave,https://www.facebook.com/bravesoftware,https://www.linkedin.com/company/brave-software/,,,,$1M to $10M
1304,Cardano Foundation,https://www.crunchbase.com/organization/cardano-foundation,"Zug, Zug, Switzerland","Application Performance Management, Bitcoin, Consumer Applications, Cryptocurrency, Developer APIs, Open Source",Initial Coin Offering,2018-01-01,10000.0,USD,10000.0,11-50,62246134.0,USD,62246134.0,3.0,,,,,,2.0,,,,Non-profit,2015-01-01,https://twitter.com/CardanoStiftung,https://facebook.com/CardanoFoundation/,https://www.linkedin.com/company/cardano-foundation/,,,,$1M to $10M
1348,DataWallet,https://www.crunchbase.com/organization/pnyks-inc-,"San Francisco, California, United States","FinTech, Internet, Mobile Apps, Software",Initial Coin Offering,2018-02-07,40000000.0,USD,40000000.0,11-50,42300000.0,USD,42300000.0,3.0,,,,,,2.0,,,,For Profit,2015-01-01,https://twitter.com/datawallet,https://www.facebook.com/datawallet.io/,https://www.linkedin.com/company/4831801/,,,,$1M to $10M
1455,Cindicator,https://www.crunchbase.com/organization/c-indicator,"New York, New York, United States","Artificial Intelligence, Asset Management, Cryptocurrency, Hedge Funds, Machine Learning, Predictive Analytics",Initial Coin Offering,2017-10-31,15000000.0,USD,15000000.0,11-50,15750000.0,USD,15750000.0,3.0,,,,,,3.0,,,,For Profit,2015-01-01,https://twitter.com/Cindicator,https://www.facebook.com/crowdindicator,https://www.linkedin.com/company/10214709,,,,$1M to $10M
1690,LiveTree,https://www.crunchbase.com/organization/livetree,"London, England, United Kingdom","Charity, Crowdfunding, Financial Services",Initial Coin Offering,2018-03-22,11000000.0,USD,11000000.0,1-10,11000000.0,USD,11000000.0,1.0,,,,,,3.0,,,,For Profit,2015-01-01,https://www.twitter.com/livetreehq,,,,,,$1M to $10M
1696,Streamr,https://www.crunchbase.com/organization/streamr,"Zug, Zug, Switzerland","Data Integration, Database",Initial Coin Offering,2017-10-16,30000000.0,CHF,30757495.0,11-50,30000000.0,CHF,30757495.0,3.0,,,,,,2.0,,,,Non-profit,2015-01-01,https://twitter.com/streamrinc,https://www.facebook.com/streamrdata/,https://www.linkedin.com/company/streamr-network/about/,,,,$1M to $10M
1704,Internet of Services,https://www.crunchbase.com/organization/internet-of-services,"Singapore, Central Region, Singapore","Architecture, Blockchain, Internet",Initial Coin Offering,2018-01-15,40000000.0,USD,40000000.0,11-50,40000000.0,USD,40000000.0,4.0,Made Acquisitions,,,1.0,,3.0,,,,For Profit,2015-01-01,https://twitter.com/iostoken,,https://www.linkedin.com/company/iostproject/,,,,$1M to $10M
1717,Blackmoon Financial Group,https://www.crunchbase.com/organization/blackmoon-financial-group,"Moscow, Moscow City, Russian Federation","FinTech, Information Services, Information Technology, Internet",Initial Coin Offering,2018-04-10,30000000.0,USD,30000000.0,11-50,32500000.0,USD,32500000.0,2.0,,,,,,2.0,,,,For Profit,2015-01-01,,https://www.facebook.com/blackmoonfg,https://www.linkedin.com/company/blackmoon-financial-group,,,,$1M to $10M
1741,qiibee,https://www.crunchbase.com/organization/qiibee,"Zug, Zug, Switzerland","Blockchain, Cryptocurrency, Loyalty Programs",Initial Coin Offering,2018-02-06,5000000.0,USD,5000000.0,1-10,5000000.0,USD,5000000.0,1.0,,,,,,2.0,,,,For Profit,2015-01-01,https://twitter.com/qiibee,https://www.facebook.com/qiibee,https://www.linkedin.com/company/qiibee-ag,,,,$1M to $10M
1887,effect.ai,https://www.crunchbase.com/organization/effect-ai,"Amsterdam, Noord-Holland, The Netherlands","Artificial Intelligence, Blockchain, Information Technology",Initial Coin Offering,2018-03-29,11037191.0,EUR,13578419.0,11-50,11037191.0,EUR,13578419.0,1.0,,,,,,2.0,,,,,2015-01-01,https://twitter.com/effectaix?,https://www.facebook.com/effectai/,https://www.linkedin.com/company/effectai/,,,,$1M to $10M
2137,Zebi,https://www.crunchbase.com/organization/zebi,"Visakhapatnam, Andhra Pradesh, India","Analytics, Information Services, Information Technology",Initial Coin Offering,2018-03-19,10000000.0,USD,10000000.0,11-50,11000000.0,USD,11000000.0,3.0,Made Acquisitions,,,1.0,,1.0,,,,For Profit,2015-01-01,https://twitter.com/ZebidataIndia,https://www.facebook.com/ZebidataIndia/,https://www.linkedin.com/company/zebi,,,,$10M to $50M
2482,Seratio,https://www.crunchbase.com/organization/seratio,"Northampton, Northamptonshire, United Kingdom","Internet, Social Impact",Initial Coin Offering,2017-10-23,1750000.0,GBP,2310542.0,11-50,3171979.0,GBP,4359335.0,4.0,,,,,,2.0,,,,For Profit,2015-01-05,https://twitter.com/theseratio,https://www.facebook.com/thecceg,https://www.linkedin.com/company/seratio,,,,Less than $1M
4732,Reality Reflection,https://www.crunchbase.com/organization/reality-reflection,"Seoul, Seoul-t'ukpyolsi, South Korea","Augmented Reality, Information Services, Information Technology, Virtual Reality",Initial Coin Offering,2018-02-03,5000000.0,USD,5000000.0,11-50,8617698.0,USD,8617698.0,4.0,,,,,,3.0,,,,For Profit,2015-04-03,https://twitter.com/R_R_studio,https://www.facebook.com/RealityReflection/,https://www.linkedin.com/company/13226063/,,,,$1M to $10M
5501,Book4you,https://www.crunchbase.com/organization/book4you-2,"SÃ£o Paulo, Sao Paulo, Brazil","E-Commerce, Mobile, Retail",Initial Coin Offering,2017-11-18,75000.0,BRL,23017.0,1-10,75000.0,BRL,23017.0,1.0,,,,,,3.0,,,,For Profit,2015-05-01,https://twitter.com/Book4you_,https://www.facebook.com/Book4you.co/,https://www.linkedin.com/company/10427555,,,,Less than $1M
6252,TenX,https://www.crunchbase.com/organization/tenx-2,"Singapore, Central Region, Singapore","Bitcoin, Cryptocurrency, FinTech, Information Technology",Initial Coin Offering,2017-06-24,80000000.0,USD,80000000.0,51-100,125120000.0,USD,125120000.0,5.0,,,,,,4.0,,,,For Profit,2015-06-11,http://twitter.com/tenxwallet,http://facebook.com/tenxwallet,https://www.linkedin.com/company/tenxwallet/,,,,$1M to $10M
7217,Gluon,https://www.crunchbase.com/organization/gluon,"Livermore, California, United States","Cryptocurrency, Enterprise Software, Internet of Things, Payments, SaaS, Software",Initial Coin Offering,2018-01-17,,,,11-50,2000000.0,USD,2000000.0,2.0,,,,,,4.0,,,,For Profit,2015-07-02,https://twitter.com/gluon,https://www.facebook.com/gluonsolutions/,,,,,$10M to $50M
7861,Enigma,https://www.crunchbase.com/organization/enigma-2,"San Francisco, California, United States","Big Data, Cloud Data Services, Security",Initial Coin Offering,2017-09-11,45000000.0,USD,45000000.0,11-50,45800000.0,USD,45800000.0,2.0,,,,,,2.0,,,,For Profit,2015-08-14,https://twitter.com/EnigmaMPC,,,,,,$1M to $10M
8564,Quant Network,https://www.crunchbase.com/organization/quant-network,"London, England, United Kingdom","Blockchain, Data Integration, Enterprise Software, Information Technology, Internet, Internet of Things, Operating Systems",Initial Coin Offering,2018-03-19,11000000.0,USD,11000000.0,11-50,11000000.0,USD,11000000.0,1.0,,,,,,2.0,,,,For Profit,2015-09-28,https://www.twitter.com/quant_network,,https://www.linkedin.com/company/quantnetwork/,,,,$1M to $10M
8627,Lampix,https://www.crunchbase.com/organization/lampix,"New York, New York, United States","Augmented Reality, Human Computer Interaction, Internet of Things, Smart Building",Initial Coin Offering,2017-08-21,14200000.0,USD,14200000.0,1-10,14200000.0,USD,14200000.0,2.0,,,,,,2.0,,,,For Profit,2015-09-30,https://twitter.com/lampix_co,https://www.facebook.com/Lampix.co/,https://www.linkedin.com/company/lampix,,,,$1M to $10M
9323,Numerai,https://www.crunchbase.com/organization/numerai,"San Francisco, California, United States","Blockchain, Financial Services, Hedge Funds, Machine Learning",Initial Coin Offering,2019-05-05,,,,11-50,18500000.0,USD,18500000.0,6.0,,,,,,1.0,,,,For Profit,2015-10-05,https://twitter.com/numerai,https://www.facebook.com/numerai/,https://www.linkedin.com/company/numerai/,,,,$1M to $10M
10056,Remme,https://www.crunchbase.com/organization/remme,"Kyiv, Kyyiv, Ukraine","B2B, Cyber Security, Enterprise Software, Identity Management, Information Technology, Security, Software",Initial Coin Offering,2017-12-04,20000000.0,USD,20000000.0,11-50,20000000.0,USD,20000000.0,1.0,,,,,,2.0,,,,For Profit,2015-11-01,https://twitter.com/remme_io,https://www.facebook.com/remme.io,https://www.linkedin.com/company/remme,,,,$1M to $10M
10168,Triggmine,https://www.crunchbase.com/organization/triggmine,"Tallinn, Harjumaa, Estonia","Artificial Intelligence, E-Commerce, SaaS",Initial Coin Offering,2018-04-16,740000.0,USD,740000.0,11-50,1495000.0,USD,1495000.0,4.0,,,,,,2.0,,,,For Profit,2015-11-01,http://twitter.com/TriggMine,http://www.facebook.com/TriggMine,http://www.linkedin.com/company/3813597,,,,$1M to $10M
10963,TaaS,https://www.crunchbase.com/organization/taas,"Singapore, Central Region, Singapore","Bitcoin, Blockchain, Cryptocurrency, Information Services, Information Technology",Initial Coin Offering,2017-04-28,7700000.0,USD,7700000.0,11-50,7700000.0,USD,7700000.0,1.0,,,,,,4.0,,,,For Profit,2016-01-01,https://twitter.com/taasfund,https://www.facebook.com/taasfund/,https://www.linkedin.com/company/taas/,,,,Less than $1M
11145,Ripio Credit Network,https://www.crunchbase.com/organization/ripio-credit-network,"Grand Cayman, Midland, Cayman Islands","Bitcoin, Cryptocurrency, Financial Services, Lending",Initial Coin Offering,2017-11-07,37000000.0,USD,37000000.0,101-250,37000000.0,USD,37000000.0,1.0,,,,,,1.0,,,,For Profit,2016-01-01,https://twitter.com/RCN_token,https://www.facebook.com/ripiocredit.network/,https://www.linkedin.com/company/25040414/,,,,Less than $1M
11168,BitClave,https://www.crunchbase.com/organization/bitclave,"Mountain View, California, United States","Blockchain, Cryptocurrency, FinTech, Information Technology, Internet, Search Engine",Initial Coin Offering,2017-11-30,25500000.0,USD,25500000.0,11-50,25500000.0,USD,25500000.0,1.0,,,,,,4.0,,,,For Profit,2016-01-01,https://twitter.com/bitclave,https://fb.me/bitclave,https://www.linkedin.com/company-beta/6399312/,,,,Less than $1M
11298,Hcash,https://www.crunchbase.com/organization/hcash,"Melbourne, Victoria, Australia","Blockchain, Cryptocurrency, Information Services, Information Technology",Initial Coin Offering,2017-11-06,53000000.0,USD,53000000.0,11-50,53000000.0,USD,53000000.0,1.0,,,,,,2.0,,,,,2016-01-01,https://twitter.com/Mkt_Hcash,https://www.facebook.com/pg/HcashOfficial/about/?ref=page_internal,https://www.linkedin.com/company/18207540/,,,,Less than $1M
11492,PRIMAS,https://www.crunchbase.com/organization/primas,"Singapore, Central Region, Singapore","Blockchain, Communities, Internet",Initial Coin Offering,2017-11-01,1000000.0,USD,1000000.0,11-50,1000000.0,USD,1000000.0,2.0,,,,,,3.0,,,,,2016-01-01,https://twitter.com/PrimasOfficial,https://www.facebook.com/Primas.io/,,,,,Less than $1M
12117,PolicyPal,https://www.crunchbase.com/organization/policypal,"Singapore, Central Region, Singapore","Finance, Financial Services, Insurance",Initial Coin Offering,2018-03-15,20000000.0,USD,20000000.0,1-10,20000000.0,USD,20000000.0,4.0,Was Acquired,AMTD Group,https://www.crunchbase.com/organization/amtd-group,,,1.0,,,,For Profit,2016-01-01,https://twitter.com/hipolicypal,https://www.facebook.com/hipolicypal/?fref=ts,https://www.linkedin.com/company/10542720,M&A,Acquisition,2020-03-17,$1M to $10M
12364,Electroneum,https://www.crunchbase.com/organization/electroneum,"Maidstone, Kent, United Kingdom","Cryptocurrency, Financial Services, Mobile Payments",Initial Coin Offering,2017-11-06,40000000.0,USD,40000000.0,11-50,40000000.0,USD,40000000.0,2.0,,,,,,1.0,,,,For Profit,2016-01-01,https://twitter.com/electroneum,https://www.facebook.com/electroneum/,https://www.linkedin.com/company/electroneum/,,,,$1M to $10M
12384,Blox,https://www.crunchbase.com/organization/blox,"Tel Aviv, Tel Aviv, Israel","Blockchain, Financial Services, Information Technology",Initial Coin Offering,2017-07-17,30000000.0,USD,30000000.0,11-50,30075000.0,USD,30075000.0,2.0,,,,,,3.0,,,,For Profit,2016-01-01,https://twitter.com/Blox_Official,https://www.facebook.com/blox.io/,https://www.linkedin.com/company/blox-io/,,,,$1M to $10M
12387,modum,https://www.crunchbase.com/organization/modum,"ZÃ¼rich, Zurich, Switzerland","Blockchain, Cryptocurrency, Information Technology, Internet, Life Science, Supply Chain Management, Virtual Currency",Initial Coin Offering,2017-09-02,13200000.0,USD,13200000.0,11-50,13260351.0,USD,13260351.0,5.0,,,,,,4.0,,,,For Profit,2016-01-01,https://www.twitter.com/modum_io,https://www.facebook.com/modum.io,https://www.linkedin.com/company/modum.io-ag,,,,$1M to $10M
12434,Aeternity,https://www.crunchbase.com/organization/aeternity,"Vaduz, Vaduz, Liechtenstein","Blockchain, Cryptocurrency, Internet, Transaction Processing",Initial Coin Offering,2017-06-12,23584319.0,CHF,24337792.0,11-50,23584319.0,CHF,24337792.0,2.0,,,,,,1.0,,,,For Profit,2016-01-01,https://twitter.com/aetrnty,https://www.facebook.com/aeternityproject/,https://www.linkedin.com/company/aeternity/,,,,$1M to $10M
12504,Santiment,https://www.crunchbase.com/organization/santiment,"ZÃ¼rich, Zurich, Switzerland","Computer, Cryptocurrency",Initial Coin Offering,2017-07-10,10000000.0,USD,10000000.0,11-50,10000000.0,USD,10000000.0,1.0,,,,,,1.0,,,,,2016-01-01,https://twitter.com/santimentfeed,https://www.facebook.com/Santiment-Blockchain-164482357429915,https://www.linkedin.com/company/santiment,,,,$1M to $10M
12506,Golem Factory GmbH,https://www.crunchbase.com/organization/golem-network,"Warsaw, Mazowieckie, Poland","Cryptocurrency, Information Services, Information Technology, Software",Initial Coin Offering,2017-12-18,8600000.0,USD,8600000.0,11-50,17200000.0,USD,17200000.0,4.0,,,,,,4.0,,,,For Profit,2016-01-01,https://twitter.com/golemproject,https://www.facebook.com/golemproject/,https://www.linkedin.com/company/golem-factory/,,,,$1M to $10M
12739,ChronoBank,https://www.crunchbase.com/organization/chronobank,"Sydney, New South Wales, Australia","Bitcoin, Ethereum, FinTech, Information Services, Information Technology",Initial Coin Offering,2017-02-16,5400000.0,USD,5400000.0,11-50,9400000.0,USD,9400000.0,2.0,,,,,,1.0,,,,For Profit,2016-01-01,https://twitter.com/chronobanknews,https://www.facebook.com/ChronoBank.io/,https://www.linkedin.com/company/chronobank.io,,,,$1M to $10M
12858,Leverj,https://www.crunchbase.com/organization/leverj-io,"Victoria, British Columbia, Canada","Blockchain, Cryptocurrency, Finance, Financial Services, FinTech",Initial Coin Offering,2017-12-12,13500000.0,USD,13500000.0,1-10,13500000.0,USD,13500000.0,1.0,,,,,,2.0,,,,For Profit,2016-01-01,https://twitter.com/Leverj_io,https://www.facebook.com/pg/leverj.io/,https://www.linkedin.com/company/leverj/,,,,$1M to $10M
13047,SONM,https://www.crunchbase.com/organization/sonm,"Singapore, Central Region, Singapore","Blockchain, Cloud Computing, Information Technology",Initial Coin Offering,2017-06-01,42000000.0,USD,42000000.0,51-100,42500000.0,USD,42500000.0,2.0,,,,,,2.0,,,,,2016-01-01,https://twitter.com/sonmdevelopment,https://www.facebook.com/SONMproject/,https://www.linkedin.com/company/sonm,,,,$10M to $50M
14146,Crypto.com,https://www.crunchbase.com/organization/monaco-technology-gmbh,"Sai Wan, Hong Kong Island, Hong Kong","Bitcoin, Blockchain, Cryptocurrency, Ethereum, Financial Services, FinTech, Information Technology, Mobile Payments",Initial Coin Offering,2017-05-18,26700000.0,USD,26700000.0,101-250,26700000.0,USD,26700000.0,1.0,Made Acquisitions,,,1.0,,4.0,,,,For Profit,2016-06-01,https://twitter.com/cryptocom,https://www.facebook.com/CryptoComOfficial/,https://www.linkedin.com/company/cryptocom/,,,,$1M to $10M
14247,Cashaa,https://www.crunchbase.com/organization/cashaa,"London, England, United Kingdom","Banking, Bitcoin, Blockchain, Cryptocurrency, FinTech, Payments, Small and Medium Businesses",Initial Coin Offering,2017-11-05,18770000.0,USD,18770000.0,11-50,19770000.0,USD,19770000.0,2.0,,,,,,4.0,,,,For Profit,2016-06-24,https://www.twitter.com/cashaaltd,https://www.facebook.com/cashaaLtd/,https://www.linkedin.com/company/cashaa,,,,$1M to $10M
14262,BANKEX,https://www.crunchbase.com/organization/bankex,"New York, New York, United States","Blockchain, FinTech, Internet",Initial Coin Offering,2017-11-28,16500000.0,USD,16500000.0,11-50,18000000.0,USD,18000000.0,2.0,,,,,,2.0,,,,For Profit,2016-06-01,https://twitter.com/bankex,https://www.facebook.com/bankexchange,https://www.linkedin.com/company/bankex,,,,Less than $1M
14359,Sapien,https://www.crunchbase.com/organization/sapien,"Fremont, California, United States","Blockchain, Internet, Social Media, Social News",Initial Coin Offering,2018-01-31,11000000.0,USD,11000000.0,11-50,11000000.0,USD,11000000.0,1.0,,,,,,2.0,,,,For Profit,2016-05-31,https://twitter.com/sapien_network,https://www.facebook.com/sapien.network/,https://www.linkedin.com/company/sapien.network/,,,,$1M to $10M
15286,Centrality,https://www.crunchbase.com/organization/centrality,"Auckland, Auckland, New Zealand","Blockchain, Cryptocurrency, Developer Platform, Information Technology",Initial Coin Offering,2018-01-15,80000000.0,USD,80000000.0,51-100,95000000.0,USD,95000000.0,2.0,,,,,,2.0,,,,For Profit,2016-07-01,https://twitter.com/centralityai,https://www.facebook.com/centralityai/?ref=nf,https://www.linkedin.com/company/10887802/,,,,$1M to $10M
15325,CREDITS,https://www.crunchbase.com/organization/credits-806d,"Singapore, Central Region, Singapore","Blockchain, Cryptocurrency, Developer Platform, IT Infrastructure",Initial Coin Offering,2018-02-17,20000000.0,USD,20000000.0,51-100,20000000.0,USD,20000000.0,1.0,,,,,,,,,,For Profit,2016-09-12,https://twitter.com/creditscom,https://www.facebook.com/creditscom/,https://www.linkedin.com/company/13370238/,,,,$1M to $10M
15357,iExec,https://www.crunchbase.com/organization/iexec,"Lyon, Rhone-Alpes, France","Blockchain, Cloud Computing, Software",Initial Coin Offering,2017-04-25,12000000.0,USD,12000000.0,11-50,12000000.0,USD,12000000.0,1.0,,,,,,2.0,,,,For Profit,2016-10-16,https://twitter.com/iex_ec?lang=en,https://www.facebook.com/iexecteam/,https://www.linkedin.com/company/iex.ec/,,,,$1M to $10M
15414,Wawllet Enterprises Limited,https://www.crunchbase.com/organization/wawllet-enterprises-limited,"Strovolos, Nicosia, Cyprus","Cryptocurrency, Finance, Financial Services",Initial Coin Offering,2018-01-25,35000000.0,USD,35000000.0,51-100,36500000.0,USD,36500000.0,2.0,,,,,,1.0,,,,For Profit,2016-10-15,https://twitter.com/wawllet,https://www.facebook.com/wawllet,,,,,$1M to $10M
15755,"Gramarye Media, Inc.",https://www.crunchbase.com/organization/gramarye-media-inc,"Atlanta, Georgia, United States","Blockchain, Casual Games, Content, EBooks, Film, Film Distribution, Film Production, Online Games, Publishing, Video Games",Initial Coin Offering,2018-06-25,,,,1-10,,,,1.0,,,,,,2.0,,,,For Profit,2016-09-09,https://twitter.com/GramaryeMedia,https://www.facebook.com/GramaryeMedia/,https://www.linkedin.com/company/gramarye-media-inc./,,,,Less than $1M
16170,Humaniq,https://www.crunchbase.com/organization/humaniq,"London, England, United Kingdom","Blockchain, Finance, Financial Services, FinTech, Information Technology",Initial Coin Offering,2017-04-28,5163000.0,USD,5163000.0,101-250,5163000.0,USD,5163000.0,1.0,,,,,,1.0,,,,For Profit,2016-12-01,https://twitter.com/humaniq,https://facebook.com/humaniq.co,https://www.linkedin.com/company/humaniq,,,,$10M to $50M
16550,Pigzbe,https://www.crunchbase.com/organization/pigzbe,"London, England, United Kingdom",FinTech,Initial Coin Offering,2018-06-25,6000000.0,USD,6000000.0,11-50,6000000.0,USD,6000000.0,1.0,,,,,,1.0,,,,,2017-01-01,https://twitter.com/pigzbe,https://www.facebook.com/pigzbe/,https://www.linkedin.com/company/pigzbe/,,,,Less than $1M
16551,Mobius,https://www.crunchbase.com/organization/mobius-4,"George Town, Midland, Cayman Islands","Apps, Bitcoin, Cryptocurrency, Developer APIs",Initial Coin Offering,2018-01-18,39000000.0,USD,39000000.0,51-100,39500000.0,USD,39500000.0,2.0,,,,,,2.0,,,,For Profit,2017-01-01,https://twitter.com/mobius_network,https://www.facebook.com/mobiusnet/,https://www.linkedin.com/company/mobiusnetwork/,,,,Less than $1M
16553,CASPIAN,https://www.crunchbase.com/organization/caspian-dc20,"San Francisco, California, United States","Asset Management, Cryptocurrency, FinTech",Initial Coin Offering,2018-09-17,19500000.0,USD,19500000.0,101-250,19500000.0,USD,19500000.0,2.0,,,,,,2.0,,,,For Profit,2017-01-01,https://twitter.com/Caspian_Tech,,https://www.linkedin.com/company/caspian-tech,,,,Less than $1M
16575,Codex Protocol,https://www.crunchbase.com/organization/codex-protocol,"London, England, United Kingdom","Art, Blockchain, Information Services, Information Technology, Software",Initial Coin Offering,2018-07-20,,,,1-10,5700000.0,USD,5700000.0,4.0,,,,,,3.0,,,,For Profit,2017-01-01,https://twitter.com/CodexProtocol,https://www.facebook.com/codexprotocol/,https://www.linkedin.com/company/codex-protocol/,,,,Less than $1M
16582,SpankChain,https://www.crunchbase.com/organization/spankchain,"Venice, California, United States","Adult, Blockchain, Cryptocurrency, Ethereum",Initial Coin Offering,2017-10-01,6000000.0,USD,6000000.0,51-100,6000000.0,USD,6000000.0,1.0,,,,,,4.0,,,,For Profit,2017-01-01,https://twitter.com/SpankChain,,https://www.linkedin.com/company/18331111/,,,,Less than $1M
16605,UCOT,https://www.crunchbase.com/organization/ultimo-digitaltechnologies-ucot,"Sydney, New South Wales, Australia","Blockchain, Information Services, Information Technology",Initial Coin Offering,2018-03-19,40000000.0,USD,40000000.0,11-50,40000000.0,USD,40000000.0,1.0,,,,,,3.0,,,,,2017-01-01,https://twitter.com/UcotMedia,https://www.facebook.com/UCOT-128764251169363/,https://www.linkedin.com/company/ucotworld/?originalSubdomain=in,,,,Less than $1M
16614,Metronome,https://www.crunchbase.com/organization/metronome-a4ae,"Chicago, Illinois, United States","Cryptocurrency, Financial Services",Initial Coin Offering,2018-06-25,12110500.0,USD,12110500.0,1-10,12110500.0,USD,12110500.0,1.0,,,,,,2.0,,,,For Profit,2017-01-01,https://twitter.com/MTNToken,https://www.facebook.com/pg/MetronomeToken,https://www.linkedin.com/company/metronome-token,,,,Less than $1M
16670,Gibraltar Blockchain Exchange,https://www.crunchbase.com/organization/gibraltar-blockchain-exchange,"Gibraltar, Gibraltar, Gibraltar","Finance, Financial Services, FinTech, Personal Finance",Initial Coin Offering,2018-02-09,27000000.0,USD,27000000.0,11-50,27000000.0,USD,27000000.0,1.0,,,,,,1.0,,,,,2017-01-01,https://twitter.com/GibBlockEx,https://www.facebook.com/GibBlockEx/,https://www.linkedin.com/company/gibraltar-blockchain-exchange/,,,,Less than $1M
16772,Skraps,https://www.crunchbase.com/organization/skraps,"Los Angeles, California, United States","Cryptocurrency, Finance",Initial Coin Offering,2018-01-14,3000000.0,USD,3000000.0,11-50,3000000.0,USD,3000000.0,1.0,,,,,,,,,,For Profit,2017-01-01,https://twitter.com/SKRAPSAPP,https://www.facebook.com/SKRAPSAPP/,https://www.linkedin.com/company/skraps-inc/,,,,Less than $1M
16783,Titanium Blockchain Infrastructure Services,https://www.crunchbase.com/organization/titanium-blockchain-infrastructure-services,"North Hollywood, California, United States","Blockchain, Computer, IaaS, Infrastructure, Mining, Private Social Networking, Professional Networking",Initial Coin Offering,2017-12-21,1000000.0,USD,1000000.0,1-10,1000000.0,USD,1000000.0,1.0,,,,,,1.0,,,,,2017-01-01,,https://www.facebook.com/TBISICO/,https://www.linkedin.com/company/titanium-blockchain-infrastructure-services-inc/,,,,Less than $1M
16806,Mingo,https://www.crunchbase.com/organization/mingo-2,"Dublin, Dublin, Ireland","Apps, eSports, Messaging, Software, Telecommunications",Initial Coin Offering,2017-10-02,650000.0,EUR,762576.0,1-10,650000.0,EUR,762576.0,1.0,,,,,,2.0,,,,For Profit,2017-01-01,https://twitter.com/mingocoin,https://www.facebook.com/GoMingoCoin/,https://www.linkedin.com/in/joe-arthur-3228aa16,,,,Less than $1M
17156,Redemption Technologies,https://www.crunchbase.com/organization/redemption-technologies,"Lake Worth, Florida, United States","Apps, Blockchain, E-Commerce, Financial Services, Insurance, Internet, Mobile Apps, Software",Initial Coin Offering,2017-11-07,,,,1-10,,,,1.0,,,,,,,,,,For Profit,2017-01-01,https://www.twitter.com/redemption_tech,https://www.facebook.com/RedemptionTech/,https://www.linkedin.com/company/24972622/,,,,Less than $1M
17414,Ocean Protocol,https://www.crunchbase.com/organization/ocean-protocol,"Singapore, Central Region, Singapore","Blockchain, Communities",Initial Coin Offering,2019-05-13,6000000.0,USD,6000000.0,51-100,28100000.0,USD,28100000.0,3.0,,,,,,6.0,,,,,2017-01-01,https://twitter.com/oceanprotocol,https://www.facebook.com/oceanprotocol/,https://www.linkedin.com/company/ocean-protocol,,,,$1M to $10M
17462,SwissBorg,https://www.crunchbase.com/organization/swissborg,"Lausanne, Vaud, Switzerland","Blockchain, Communities, Financial Services, Wealth Management",Initial Coin Offering,2017-12-12,52000000.0,CHF,52440500.0,11-50,102440500.0,USD,102440500.0,2.0,,,,,,2.0,,,,,2017-01-01,https://twitter.com/swissborg,https://www.facebook.com/swissborg,https://www.linkedin.com/company/11040884/,,,,$1M to $10M
17467,Bankera,https://www.crunchbase.com/organization/bankera,"Vilnius, Vilniaus Apskritis, Lithuania","Banking, Financial Services, Payments",Initial Coin Offering,2018-02-09,100000000.0,USD,100000000.0,101-250,100000000.0,USD,100000000.0,2.0,Made Acquisitions,,,1.0,,1.0,,,,For Profit,2017-01-01,https://twitter.com/Bankeracom,https://www.facebook.com/bankeracom/,https://www.linkedin.com/company/25000232/,,,,$1M to $10M
17468,LATOKEN,https://www.crunchbase.com/organization/latoken,"London, England, United Kingdom","Blockchain, Finance, Financial Exchanges, Financial Services, Real Estate",Initial Coin Offering,2017-10-10,18000000.0,USD,18000000.0,11-50,18000000.0,USD,18000000.0,1.0,,,,,,1.0,,,,For Profit,2017-01-01,https://twitter.com/latokens,https://www.facebook.com/LiquidAssetToken/,https://www.linkedin.com/company/latoken/,,,,$1M to $10M
17514,PumaPay,https://www.crunchbase.com/organization/pumapay,"Limassol, Limassol, Cyprus","Bitcoin, Blockchain, Payments",Initial Coin Offering,2018-05-09,117019041.0,USD,117019041.0,11-50,117019041.0,USD,117019041.0,1.0,,,,,,,,,,,2017-01-01,https://twitter.com/PumaPay,https://www.facebook.com/PumaPay/,https://www.linkedin.com/company/decentralized-vision,,,,$1M to $10M
17533,Medicalchain,https://www.crunchbase.com/organization/medicalchain,"London, England, United Kingdom","Health Care, Medical",Initial Coin Offering,2018-02-08,24000000.0,USD,24000000.0,11-50,24000000.0,USD,24000000.0,2.0,,,,,,2.0,,,,For Profit,2017-01-01,https://twitter.com/medical_chain,https://www.facebook.com/medicalchain,https://www.linkedin.com/company/11226193/,,,,$1M to $10M
17535,WAX (Worldwide Asset eXchange),https://www.crunchbase.com/organization/wax-f984,"Grand Cayman, Midland, Cayman Islands","Internet, Online Games, Video Games",Initial Coin Offering,2017-11-13,41000000.0,USD,41000000.0,51-100,41000000.0,USD,41000000.0,2.0,,,,,,3.0,,,,For Profit,2017-01-01,https://twitter.com/wax_io,https://www.facebook.com/WAX.io.Community/,,,,,$1M to $10M
17538,XYO,https://www.crunchbase.com/organization/xyo-network,"San Diego, California, United States","Blockchain, Consumer Electronics, Information Technology, Internet, Internet of Things, Location Based Services, Mining Technology, Wireless",Initial Coin Offering,2018-03-20,13635000.0,USD,13635000.0,51-100,13635000.0,USD,13635000.0,1.0,,,,,,3.0,,,,For Profit,2017-01-01,https://twitter.com/officialxyo,https://www.facebook.com/OfficialXYO,https://www.linkedin.com/company/xyonetwork,,,,$10M to $50M
17539,Fetch.AI,https://www.crunchbase.com/organization/fetch-ai,"Cambridge, Cambridgeshire, United Kingdom","Artificial Intelligence, Internet, Machine Learning",Initial Coin Offering,2019-02-25,6000000.0,USD,6000000.0,11-50,21000000.0,USD,21000000.0,2.0,,,,,,3.0,,,,For Profit,2017-01-01,https://twitter.com/fetch_ai,,https://www.linkedin.com/company/fetch-ai/,,,,$1M to $10M
17561,Neuromation.io,https://www.crunchbase.com/organization/neuromation-io,"San Francisco, California, United States","Artificial Intelligence, Developer Platform, Machine Learning",Initial Coin Offering,2018-01-11,20000000.0,USD,20000000.0,11-50,20000000.0,USD,20000000.0,1.0,,,,,,2.0,,,,For Profit,2017-01-01,http://twitter.com/neuromation_io,http://facebook.com/neuromation/,https://www.linkedin.com/company/15208924/,,,,$1M to $10M
17614,AirSwap,https://www.crunchbase.com/organization/airswap,"Brooklyn, New York, United States","Blockchain, Cryptocurrency, Finance, Financial Exchanges, Financial Services, FinTech, Internet",Initial Coin Offering,2017-10-18,36000000.0,USD,36000000.0,11-50,36000000.0,USD,36000000.0,1.0,,,,,,2.0,,,,For Profit,2017-01-01,https://twitter.com/airswap,https://www.facebook.com/airswapio,https://www.linkedin.com/company/airswap/,,,,$1M to $10M
17617,Beenest,https://www.crunchbase.com/organization/the-bee-token,"San Francisco, California, United States","Blockchain, Ethereum, Sharing Economy, Travel Accommodations, Vacation Rental",Initial Coin Offering,2018-01-01,15000000.0,USD,15000000.0,11-50,15000000.0,USD,15000000.0,1.0,,,,,,3.0,,,,,2017-01-01,https://twitter.com/thebeetoken,https://www.facebook.com/thebeetoken/,https://www.linkedin.com/company/thebeetoken/,,,,$1M to $10M
17619,Algorand,https://www.crunchbase.com/organization/algorand,"Boston, Massachusetts, United States","Information Technology, Life Science, Software Engineering",Initial Coin Offering,2019-06-19,60000000.0,USD,60000000.0,51-100,126000000.0,USD,126000000.0,5.0,,,,,,1.0,,,,,2017-01-01,https://twitter.com/algorand,https://www.facebook.com/pg/algorand/about/?ref=page_internal,https://www.linkedin.com/company/algorand/,,,,$1M to $10M
17700,Blockport,https://www.crunchbase.com/organization/blockport,"Amsterdam, Noord-Holland, The Netherlands","Blockchain, E-Commerce, Finance, Financial Exchanges, Financial Services, Internet, Payments",Initial Coin Offering,2018-01-24,13000000.0,EUR,16110543.0,11-50,14000000.0,EUR,17337222.0,2.0,Was Acquired,BUX,https://www.crunchbase.com/organization/bux,,,4.0,,,,For Profit,2017-01-01,https://twitter.com/blockportio,https://www.facebook.com/blockport/,https://www.linkedin.com/company/blockport-netherlands/,M&A,Acquisition,2020-01-09,$1M to $10M
17701,FunFair Technologies,https://www.crunchbase.com/organization/funfair-technologies,"New York, New York, United States","Bitcoin, Blockchain, Casino, Gaming, Information Technology, Internet",Initial Coin Offering,2017-07-06,26000000.0,USD,26000000.0,11-50,26000000.0,USD,26000000.0,1.0,,,,,,3.0,,,,For Profit,2017-01-01,https://twitter.com/FunFairTech,https://www.facebook.com/funfairtech/,https://www.linkedin.com/company/funfair-technologies/,,,,$1M to $10M
17702,VideoCoin Network,https://www.crunchbase.com/organization/videocoin,"Grand Cayman, Midland, Cayman Islands","B2B, Blockchain, Cloud Infrastructure, Cloud Storage, Software, Video, Video Streaming",Initial Coin Offering,2018-03-16,50000000.0,USD,50000000.0,11-50,55000000.0,USD,55000000.0,2.0,,,,,,2.0,,,,For Profit,2017-01-01,https://twitter.com/VideoCoinHQ,https://www.facebook.com/videocoin,https://www.linkedin.com/company/videocoin,,,,$1M to $10M
17707,KICK ECOSYSTEM,https://www.crunchbase.com/organization/kickico,"Tallinn, Harjumaa, Estonia","Blockchain, Cryptocurrency, Financial Exchanges, FinTech, Funding Platform, Identity Management, Mobile Apps, Payments, Trading Platform",Initial Coin Offering,2017-06-01,23000000.0,USD,23000000.0,11-50,23000000.0,USD,23000000.0,1.0,,,,,,1.0,,,,For Profit,2017-01-01,https://www.twitter.com/kickicoplatform,https://www.facebook.com/kickicoplatform,https://www.linkedin.com/company/kickico,,,,$10M to $50M
17716,CyberMiles,https://www.crunchbase.com/organization/cybermiles,"Central, Hong Kong Island, Hong Kong","Blockchain, E-Commerce Platforms, Information Technology, Internet",Initial Coin Offering,2017-11-22,30000000.0,USD,30000000.0,11-50,30000000.0,USD,30000000.0,1.0,,,,,,2.0,,,,For Profit,2017-01-01,https://twitter.com/cybermiles,https://www.facebook.com/cybermiles,https://www.linkedin.com/company/cybermiles/,,,,$1M to $10M
17777,Play2Live,https://www.crunchbase.com/organization/play2live,"Moscow, Moscow City, Russian Federation","Digital Entertainment, Media and Entertainment, Social",Initial Coin Offering,2018-03-21,30000000.0,USD,30000000.0,11-50,37000000.0,USD,37000000.0,2.0,,,,,,2.0,,,,For Profit,2017-01-01,https://twitter.com/play_2_live,https://www.facebook.com/play2live.io/,https://www.linkedin.com/company/18255836/,,,,$1M to $10M
17779,Morpheus Labs,https://www.crunchbase.com/organization/morpheus-labs,"Singapore, Central Region, Singapore","Blockchain, Enterprise Software, Information Technology, SaaS",Initial Coin Offering,2018-04-26,6000000.0,USD,6000000.0,11-50,6150000.0,USD,6150000.0,3.0,,,,,,4.0,,,,For Profit,2017-01-01,https://twitter.com/morpheuslabs_io,https://www.facebook.com/morpheuslabs.io/,https://www.linkedin.com/company/27162662/,,,,$1M to $10M
17782,Universa Blockchain,https://www.crunchbase.com/organization/universa-blockchain,"Vilnius, Vilniaus Apskritis, Lithuania","Computer, Software",Initial Coin Offering,2017-12-15,28000000.0,USD,28000000.0,11-50,28000000.0,USD,28000000.0,1.0,,,,,,2.0,,,,,2017-01-01,https://twitter.com/Universa_News,https://www.facebook.com/pg/Universablockchain/about/?ref=page_internal,https://www.linkedin.com/company/18240240/,,,,$1M to $10M
17783,FintruX Network,https://www.crunchbase.com/organization/fintrux,"Singapore, Central Region, Singapore","B2B, Blockchain, Financial Services, FinTech",Initial Coin Offering,2018-02-28,25000000.0,USD,25000000.0,11-50,25000000.0,USD,25000000.0,1.0,,,,,,2.0,,,,,2017-01-01,https://twitter.com/FintruX,https://www.facebook.com/FintruX/,https://www.linkedin.com/company/FintruX/,,,,$1M to $10M
17802,Eidoo,https://www.crunchbase.com/organization/eidoo,"Chiasso, Ticino, Switzerland","Bitcoin, Blockchain, Internet",Initial Coin Offering,2017-10-17,27900000.0,USD,27900000.0,11-50,27900000.0,USD,27900000.0,1.0,,,,,,2.0,,,,,2017-01-01,https://twitter.com/eidoo_io?lang=en,https://www.facebook.com/eidoocrypto/,https://www.linkedin.com/company/11232699/,,,,$10M to $50M
17846,Russian Miner Coin,https://www.crunchbase.com/organization/russian-miner-coin,"Novosibirsk, Novosibirsk, Russian Federation","Bitcoin, Cryptocurrency, Mining, Mining Technology",Initial Coin Offering,2017-10-09,43000000.0,USD,43000000.0,1-10,43000000.0,USD,43000000.0,1.0,,,,,,1.0,,,,,2017-01-01,https://twitter.com/russianminerco,https://www.facebook.com/russianminercoin,https://www.linkedin.com/in/rmc-russianminercoin-587250149/,,,,$1M to $10M
17866,Odem.io,https://www.crunchbase.com/organization/odem-io,"Chiasso, Ticino, Switzerland","Content Discovery, E-Learning, Education",Initial Coin Offering,2018-01-26,2200000.0,EUR,2734532.0,11-50,2200000.0,EUR,2734532.0,1.0,,,,,,2.0,,,,,2017-01-01,https://twitter.com/ODEM_IO,https://www.facebook.com/odemio/,https://www.linkedin.com/company/18249619/,,,,$1M to $10M
17871,BitGuild,https://www.crunchbase.com/organization/bitguild,"Hong Kong, Hong Kong Island, Hong Kong","Blockchain, Cryptocurrency, Gaming, Internet",Initial Coin Offering,2018-03-16,20000000.0,USD,20000000.0,11-50,20000000.0,USD,20000000.0,1.0,,,,,,2.0,,,,For Profit,2017-01-01,https://twitter.com/BitGuildPLAT,https://www.facebook.com/bitguildplat/,https://www.linkedin.com/company/bitguild/,,,,$1M to $10M
17875,Gold Bits Coin,https://www.crunchbase.com/organization/gold-bits-coin,"South Melbourne, Victoria, Australia","Blockchain, Cryptocurrency, Finance, Internet",Initial Coin Offering,2017-02-01,50000000.0,USD,50000000.0,11-50,50000000.0,USD,50000000.0,1.0,,,,,,2.0,,,,,2017-01-01,https://twitter.com/GoldBitsCoin,https://www.facebook.com/goldbitscoin.com.au/,https://www.linkedin.com/company/goldbitscoin,,,,$1M to $10M
17891,District0x,https://www.crunchbase.com/organization/district0x,"San Francisco, California, United States","Blockchain, Ethereum, Infrastructure, Internet",Initial Coin Offering,2017-08-01,9000000.0,USD,9000000.0,1-10,9000000.0,USD,9000000.0,1.0,,,,,,2.0,,,,For Profit,2017-01-01,https://twitter.com/district0x,https://www.facebook.com/district0x/?fref=mentions,https://www.linkedin.com/company-beta/22336341/,,,,$1M to $10M
17916,Giga Watt,https://www.crunchbase.com/organization/giga-watt,"East Wenatchee, Washington, United States","Bitcoin, Information Services, Information Technology, Power Grid",Initial Coin Offering,2017-08-10,22300000.0,USD,22300000.0,11-50,22300000.0,USD,22300000.0,1.0,,,,,,1.0,,,,For Profit,2017-01-01,https://twitter.com/gigawatt_mining,https://www.facebook.com/gigawattcom,https://in.linkedin.com/company/giga-watt-inc.,,,,$10M to $50M
17949,GoldMint,https://www.crunchbase.com/organization/goldmint,"Singapore, Central Region, Singapore","Finance, Financial Services, Vending and Concessions",Initial Coin Offering,2017-09-21,1200000.0,USD,1200000.0,11-50,1200000.0,USD,1200000.0,1.0,,,,,,2.0,,,,For Profit,2017-01-01,https://twitter.com/Goldmint_io,https://www.facebook.com/goldmint.io,https://www.linkedin.com/company/24984963/,,,,$1M to $10M
17957,Tokenbox,https://www.crunchbase.com/organization/tokenbox,"Grand Cayman, Midland, Cayman Islands","Cryptocurrency, Financial Services, FinTech",Initial Coin Offering,2017-11-29,7000000.0,USD,7000000.0,1-10,7000000.0,USD,7000000.0,1.0,,,,,,2.0,,,,,2017-01-01,https://twitter.com/tokenbox,https://www.facebook.com/Tokenbox/,https://www.linkedin.com/company/tokenbox/,,,,$1M to $10M
18059,WePower Network,https://www.crunchbase.com/organization/wepower-network,"Vilnius, Vilniaus Apskritis, Lithuania","Blockchain, Environmental Consulting, Financial Services, Information Technology, Trading Platform",Initial Coin Offering,2018-02-02,,,,11-50,,,,2.0,,,,,,3.0,,,,For Profit,2017-01-01,https://twitter.com/WePowerN,https://www.facebook.com/pg/WePowerNetwork/about/?ref=page_internal,https://www.linkedin.com/company/11205077/,,,,$1M to $10M
18240,Celsius Network,https://www.crunchbase.com/organization/celsius-network,"London, England, United Kingdom","Consumer Lending, Cryptocurrency, Financial Services, FinTech",Initial Coin Offering,2018-03-26,50000000.0,USD,50000000.0,11-50,50000000.0,USD,50000000.0,1.0,Made Acquisitions,,,1.0,,3.0,,,,For Profit,2017-06-01,https://www.twitter.com/celsiusnetwork,https://www.facebook.com/celsiusnetwork/,https://www.linkedin.com/company/celsiusnetwork/,,,,Less than $1M
18325,Solve.Care,https://www.crunchbase.com/organization/solve-care,"Tallin, Harjumaa, Estonia","Blockchain, Health Care, Information Technology",Initial Coin Offering,2018-03-31,13800000.0,USD,13800000.0,101-250,30230000.0,USD,30230000.0,2.0,Made Acquisitions,,,1.0,,1.0,,,,For Profit,2017-05-01,https://twitter.com/Solve_Care,https://www.facebook.com/SolveCare-264450984069589/,https://www.linkedin.com/company/25021466/,,,,$1M to $10M
18348,Aave,https://www.crunchbase.com/organization/ethlend,"Chiasso, Ticino, Switzerland","Blockchain, Ethereum, Financial Services, FinTech, Gaming, Lending, Open Source, Payments, Peer to Peer",Initial Coin Offering,2017-11-25,16500000.0,USD,16500000.0,11-50,16500000.0,USD,16500000.0,1.0,,,,,,1.0,,,,For Profit,2017-05-01,https://twitter.com/AaveAave,https://www.facebook.com/AaveWow,https://www.linkedin.com/company/aaveaave/,,,,$10M to $50M
18366,DMarket,https://www.crunchbase.com/organization/dmarket,"Santa Monica, California, United States","Digital Entertainment, Gaming, Internet",Initial Coin Offering,2017-12-05,19000000.0,USD,19000000.0,101-250,19000000.0,USD,19000000.0,1.0,,,,,,3.0,,,,For Profit,2017-05-01,https://twitter.com/dmarket_com,https://www.facebook.com/dmarketcommunity/,https://www.linkedin.com/company/18149400/,,,,$10M to $50M
18503,Scorum,https://www.crunchbase.com/organization/scorum,"Minsk, Minsk, Belarus","Blockchain, Cryptocurrency, Digital Media, Fantasy Sports, Media and Entertainment, Sports",Initial Coin Offering,2018-01-14,5630000.0,USD,5630000.0,11-50,5630000.0,USD,5630000.0,1.0,,,,,,5.0,,,,For Profit,2017-02-01,https://twitter.com/SCORUM_en,https://www.facebook.com/SCORUM.COMMUNITY/,https://www.linkedin.com/company/18207220/,,,,$1M to $10M
18589,Authoreon.io,https://www.crunchbase.com/organization/authoreon,"Munich, Bayern, Germany","Blockchain, Cyber Security, Ethereum, Identity Management",Initial Coin Offering,2017-08-05,1250000.0,USD,1250000.0,11-50,1500000.0,USD,1500000.0,2.0,,,,,,1.0,,,,For Profit,2017-04-01,https://www.twitter.com/authoreonio,https://www.facebook.com/authoreon/,https://www.linkedin.com/company/18175393/,,,,Less than $1M
19294,Crypterium,https://www.crunchbase.com/organization/crypterium,"Tallinn, Harjumaa, Estonia","Banking, Blockchain, Cryptocurrency, FinTech, Internet",Initial Coin Offering,2017-12-05,51600000.0,USD,51600000.0,11-50,51600000.0,USD,51600000.0,1.0,,,,,,3.0,,,,For Profit,2017-10-16,https://www.twitter.com/crypterium,https://www.facebook.com/crypterium.org/,https://www.linkedin.com/company/crypterium,,,,$10M to $50M
19297,Pundi X,https://www.crunchbase.com/organization/pundi-x-labs,"Singapore, Central Region, Singapore","Blockchain, Cryptocurrency, Financial Services, FinTech, Information Technology, Payments, Retail Technology, Telecommunications",Initial Coin Offering,2018-02-01,,,,11-50,35000000.0,USD,35000000.0,3.0,,,,,,4.0,,,,For Profit,2017-09-01,https://twitter.com/PundiXLabs,https://www.facebook.com/pundixlabs/,https://www.linkedin.com/company/13423325/,,,,$1M to $10M
19310,Utrust,https://www.crunchbase.com/organization/utrust,"ZÃ¼rich, Zurich, Switzerland","Cryptocurrency, FinTech, Information Technology, Mobile Payments, Payments",Initial Coin Offering,2017-11-02,21000000.0,USD,21000000.0,11-50,21000000.0,USD,21000000.0,1.0,,,,,,4.0,,,,For Profit,2017-10-31,https://twitter.com/utrust,https://www.facebook.com/utrust.io/,https://www.linkedin.com/company/utrust-payments/,,,,$10M to $50M
19313,Ren,https://www.crunchbase.com/organization/republic-protocol,"Singapore, Central Region, Singapore","Bitcoin, Cryptocurrency, Ethereum, Internet",Initial Coin Offering,2018-02-22,34000000.0,USD,34000000.0,11-50,34000000.0,USD,34000000.0,2.0,,,,,,1.0,,,,For Profit,2017-12-01,https://twitter.com/renprotocol,,https://www.linkedin.com/company/renproject/about/,,,,$1M to $10M
19362,Ambrosus,https://www.crunchbase.com/organization/ambrosus,"Zug, Zug, Switzerland","Information Services, Information Technology",Initial Coin Offering,2017-09-01,30000000.0,USD,30000000.0,11-50,30000000.0,USD,30000000.0,1.0,,,,,,2.0,,,,For Profit,2017-07-01,https://twitter.com/AmbrosusAMB,https://www.facebook.com/ambrosusAMB,https://www.linkedin.com/company/13352564/,,,,$1M to $10M
19398,Holo,https://www.crunchbase.com/organization/holo,"Gibraltar, Gibraltar, Gibraltar","Information Technology, Internet",Initial Coin Offering,2017-11-26,20388500.0,USD,20388500.0,51-100,20388500.0,USD,20388500.0,1.0,,,,,,1.0,,,,For Profit,2017-10-11,https://twitter.com/h_o_l_o_,https://www.facebook.com/holohost/,https://www.linkedin.com/company/holo-host/,,,,$1M to $10M
19415,Vaultbank,https://www.crunchbase.com/organization/vaultbank,"San Francisco, California, United States","Banking, Finance, Financial Services",Initial Coin Offering,2018-04-12,3000000.0,USD,3000000.0,11-50,8675000.0,USD,8675000.0,2.0,,,,,,2.0,,,,,2017-09-15,https://twitter.com/vaultbankICO,https://www.facebook.com/vautbank,https://www.linkedin.com/in/austintrombley,,,,$1M to $10M
19440,Lendingblock,https://www.crunchbase.com/organization/lendingblock,"London, England, United Kingdom","Blockchain, Cryptocurrency, Lending",Initial Coin Offering,2018-04-18,10000000.0,USD,10000000.0,11-50,10000000.0,USD,10000000.0,1.0,,,,,,2.0,,,,For Profit,2017-10-01,https://twitter.com/lendingblock,,https://www.linkedin.com/company/18359515/,,,,$1M to $10M
19454,"Group 1 Engineering ""G1E""",https://www.crunchbase.com/organization/group-1-engineering,"Manhattan, New York, United States","Blockchain, Real Estate, Real Estate Investment",Initial Coin Offering,2018-01-10,17000000.0,USD,17000000.0,51-100,97000000.0,USD,97000000.0,2.0,,,,,,1.0,,,,For Profit,2017-10-01,,,,,,,$10M to $50M
19459,CoinMetro,https://www.crunchbase.com/organization/coinmetro,"Tallinn, Harjumaa, Estonia","Bitcoin, Blockchain, Cryptocurrency, Ethereum, Finance, Financial Exchanges, Financial Services, FinTech, Virtual Currency",Initial Coin Offering,2018-04-01,12023480.0,EUR,14804852.0,51-100,12023480.0,EUR,14804852.0,1.0,,,,,,1.0,,,,For Profit,2017-08-01,https://twitter.com/CoinMetro,https://www.facebook.com/pg/CoinMetro,https://www.linkedin.com/company/coinmetro,,,,$1M to $10M
19472,AdHive,https://www.crunchbase.com/organization/adhive,"Tallinn, Harjumaa, Estonia","Advertising Platforms, Artificial Intelligence, Blockchain, Brand Marketing, Digital Marketing, Marketing, Marketing Automation, Social Media Advertising",Initial Coin Offering,2018-03-24,17500000.0,USD,17500000.0,11-50,17500000.0,USD,17500000.0,1.0,,,,,,3.0,,,,For Profit,2017-11-02,https://twitter.com/AdhiveTv,https://www.facebook.com/adhivetv,https://www.linkedin.com/in/vadim-budaev-6267aa90,,,,$1M to $10M
19530,LydianCoin,https://www.crunchbase.com/organization/lydiancoin,"Singapore, Central Region, Singapore","Artificial Intelligence, Blockchain, Cloud Computing, Internet, Marketing",Initial Coin Offering,2017-10-10,10000000.0,USD,10000000.0,11-50,10000000.0,USD,10000000.0,1.0,,,,,,1.0,,,,,2017-08-22,https://twitter.com/LydianCoinLtd,https://www.facebook.com/LydianCoin/,,,,,$1M to $10M
19546,Publica,https://www.crunchbase.com/organization/publica,"Gibraltar, Gibraltar, Gibraltar","Blockchain, Cryptocurrency, Publishing",Initial Coin Offering,2017-11-01,1046210.0,USD,1046210.0,251-500,1046210.0,USD,1046210.0,1.0,,,,,,3.0,,,,,2017-10-10,https://twitter.com/PublicaIO,https://www.facebook.com/OfficialPublica/,https://www.linkedin.com/company/25039696/,,,,Less than $1M
19987,Hedera Hashgraph,https://www.crunchbase.com/organization/hashgraph,"Richardson, Texas, United States","Blockchain, Computer, Network Security",Initial Coin Offering,2019-04-28,,,,51-100,118000000.0,USD,118000000.0,6.0,,,,,,2.0,,,,For Profit,2018-01-01,https://twitter.com/hashgraph,https://www.facebook.com/hashgraph,https://www.linkedin.com/company/hashgraph/,,,,$10M to $50M
20001,Solana,https://www.crunchbase.com/organization/solana-io,"San Francisco, California, United States","Blockchain, Internet, Virtual Currency",Initial Coin Offering,2020-03-26,1760000.0,USD,1760000.0,11-50,21760000.0,USD,21760000.0,5.0,,,,,,6.0,,,,For Profit,2018-01-01,https://twitter.com/solana,,https://www.linkedin.com/company/solanalabs/,,,,$1M to $10M
20174,Ground X,https://www.crunchbase.com/organization/ground-x,"Seoul, Seoul-t'ukpyolsi, South Korea","Blockchain, Cryptocurrency, Mobile",Initial Coin Offering,2019-03-11,90000000.0,USD,90000000.0,11-50,90000000.0,USD,90000000.0,1.0,,,,,,1.0,,,,For Profit,2018-01-01,,https://www.facebook.com/groundx.official/,https://www.linkedin.com/company/ground-x,,,,$10M to $50M
20359,X Infinity,https://www.crunchbase.com/organization/x-infinity,"Singapore, Central Region, Singapore","Financial Services, Information Technology",Initial Coin Offering,2018-08-20,20500000.0,USD,20500000.0,11-50,20500000.0,USD,20500000.0,1.0,,,,,,1.0,,,,,2018-01-01,,https://www.facebook.com/xinfinityltd/,,,,,Less than $1M
20426,Quadrant Protocol,https://www.crunchbase.com/organization/quadrant-protocol,"Singapore, Central Region, Singapore","Blockchain, Financial Services, Information Technology",Initial Coin Offering,2018-07-12,15000000.0,USD,15000000.0,1-10,15000000.0,USD,15000000.0,1.0,,,,,,1.0,,,,,2018-01-01,https://twitter.com/explorequadrant,https://www.facebook.com/quadrantprotocol/,https://www.linkedin.com/company/quadrantprotocol/,,,,Less than $1M
20849,Insolar Technologies,https://www.crunchbase.com/organization/insolario,"New York, New York, United States","Blockchain, Developer Platform, Enterprise Software, IT Infrastructure, PaaS, Software",Initial Coin Offering,2017-12-25,13000000.0,USD,13000000.0,51-100,13000000.0,USD,13000000.0,1.0,,,,,,3.0,,,,For Profit,2018-07-07,https://twitter.com/insolartech,https://www.facebook.com/insolario,https://www.linkedin.com/company/insolario,,,,$10M to $50M
20930,RightMesh,https://www.crunchbase.com/organization/right-mesh,"Zug, Zug, Switzerland","Apps, Software, Telecommunications",Initial Coin Offering,2018-05-31,30000000.0,USD,30000000.0,51-100,30000000.0,USD,30000000.0,1.0,,,,,,3.0,,,,For Profit,2018-02-28,https://www.twitter.com/right_mesh,https://www.facebook.com/TheRightMesh,https://www.linkedin.com/company/18171924/,,,,$1M to $10M
20956,The Abyss,https://www.crunchbase.com/organization/the-abyss,"Zug, Zug, Switzerland","Blockchain, Cryptocurrency, Gamification, Gaming, MMO Games, Online Games, PC Games, Software, Video Games",Initial Coin Offering,2018-04-18,15000000.0,USD,15000000.0,51-100,15000000.0,USD,15000000.0,1.0,,,,,,,,,,For Profit,2018-04-18,https://twitter.com/theabyss,https://www.facebook.com/theabyss/,https://www.linkedin.com/company/theabyss/,,,,$1M to $10M
20975,Ironx,https://www.crunchbase.com/organization/ironx,"Tallinn, Harjumaa, Estonia","Blockchain, Cryptocurrency, Financial Services",Initial Coin Offering,2019-04-04,26000000.0,USD,26000000.0,11-50,48300000.0,USD,48300000.0,2.0,,,,,,1.0,,,,,2018-06-01,https://twitter.com/IronXExchange,https://www.facebook.com/pg/IronXExchange/,https://www.linkedin.com/company/ironx-exchange/about/,,,,Less than $1M
21360,QUASA,https://www.crunchbase.com/organization/quasa,"Frankfurt, Hessen, Germany","Artificial Intelligence, Blockchain, Freelance, Information Technology, Internet, Logistics, Shipping, Software",Initial Coin Offering,2018-06-15,895920.0,USD,895920.0,11-50,1256868.0,USD,1256868.0,2.0,,,,,,1.0,,,,For Profit,2019-01-01,https://twitter.com/quasagroup,https://www.facebook.com/quasagroup,https://www.linkedin.com/company/quasa/,,,,Less than $1M
